<?xml version="1.0" encoding="UTF-8"?>
<project-private xmlns="http://www.netbeans.org/ns/project-private/1">
    <editor-bookmarks xmlns="http://www.netbeans.org/ns/editor-bookmarks/2" lastBookmarkId="0"/>
    <open-files xmlns="http://www.netbeans.org/ns/projectui-open-files/2">
        <group>
            <file>file:/C:/Users/nguye/OneDrive/Documents/NetBeansProjects/SE190048-NguyenGiaHuy/SE190048-NguyenGiaHuy/src/data/Brand.java</file>
            <file>file:/C:/Users/nguye/OneDrive/Documents/NetBeansProjects/SE190048-NguyenGiaHuy/SE190048-NguyenGiaHuy/src/data/BrandList.java</file>
            <file>file:/C:/Users/nguye/OneDrive/Documents/NetBeansProjects/SE190048-NguyenGiaHuy/SE190048-NguyenGiaHuy/src/data/Car.java</file>
        </group>
    </open-files>
</project-private>
